,name,points_original,points_decompressed,points_base_layer,bin_bytes_residual,bpp_residual,bin_bytes_base_layer,bpp_base_layer,bin_bytes_total,bpp_total,g_metric_D1_base_layer,g_metric_D2_base_layer,c_metric_ch1_base_layer,c_metric_ch2_base_layer,c_metric_ch3_base_layer,c_metric_base_layer,g_metric_D1_residual,g_metric_D2_residual,c_metric_ch1_residual,c_metric_ch2_residual,c_metric_ch3_residual,c_metric_residual
0,bumbameuboi_vox9.ply,100789,396957,209656,15309,1.2151326037563623,9223,0.7320640149222634,24532,1.9471966186786256,48.6742,60.597,25.5255,32.08,32.8419,30.149133333333335,51.6505,64.6328,-1,-1,-1,-1
0,guanyin_vox10.ply,2286975,3354618,1753485,61835,0.21630319526885952,55371,0.19369166693995343,117206,0.409994862208813,65.1032,68.1439,25.8007,38.0541,37.432,33.76226666666667,69.2356,71.7077,-1,-1,-1,-1
0,longdress_vox10.ply,857966,1207405,642798,22923,0.21374273572612434,20253,0.18884664427261685,43176,0.4025893799987412,65.995,68.8446,28.6976,35.4811,34.712,32.963566666666665,69.6137,72.2319,-1,-1,-1,-1
0,phil_vox9.ply,356258,564523,201483,10522,0.2362782028754442,7575,0.1701014433360093,18097,0.4063796462114535,57.0301,62.3302,28.3661,38.802,36.3868,34.5183,61.7965,64.0519,-1,-1,-1,-1
0,rhetorician_vox10.ply,1732600,2588608,1329937,45012,0.20783562276347686,44085,0.20355535034052868,89097,0.4113909731040055,65.563,68.9918,32.8484,42.3172,43.2474,39.471,68.9778,71.7042,-1,-1,-1,-1
0,romanoillamp_vox10.ply,636127,1300205,827271,28249,0.3552623925725523,25503,0.3207284080065773,53752,0.6759908005791296,65.9608,69.2886,27.8659,36.1828,40.4191,34.8226,67.1923,72.1177,-1,-1,-1,-1
