,name,points_original,points_decompressed,points_base_layer,bin_bytes_residual,bpp_residual,bin_bytes_base_layer,bpp_base_layer,bin_bytes_total,bpp_total,g_metric_D1_base_layer,g_metric_D2_base_layer,c_metric_ch1_base_layer,c_metric_ch2_base_layer,c_metric_ch3_base_layer,c_metric_base_layer,g_metric_D1_residual,g_metric_D2_residual,c_metric_ch1_residual,c_metric_ch2_residual,c_metric_ch3_residual,c_metric_residual
0,bumbameuboi_vox9.ply,100789,347559,68750,14664,1.1639365406939248,21098,1.6746271914593855,35762,2.83856373215331,57.1626,61.7834,26.2516,32.4926,32.7508,30.498333333333335,57.091,64.7583,-1,-1,-1,-1
0,guanyin_vox10.ply,2286975,3063725,640007,26319,0.09206572000131177,81350,0.28456804293881655,107669,0.3766337629401283,63.2069,68.3632,24.8338,37.1273,36.4768,32.81263333333333,70.4927,73.0939,-1,-1,-1,-1
0,longdress_vox10.ply,857966,1089603,238492,9545,0.08900119585158386,30573,0.28507423371089297,40118,0.37407542956247686,63.2122,68.4482,26.8954,33.9449,32.9285,31.256266666666665,71.2659,74.4204,-1,-1,-1,-1
0,phil_vox9.ply,356258,493930,88298,4996,0.11218835787547227,13570,0.30472298165935924,18566,0.4169113395348315,57.1765,63.1544,27.3872,38.268,35.894,33.84973333333334,63.7954,66.5928,-1,-1,-1,-1
0,rhetorician_vox10.ply,1732600,2337860,510234,20004,0.0923652314440725,68597,0.31673554196006004,88601,0.40910077340413253,63.2075,68.4297,32.0891,40.9979,41.8322,38.306400000000004,70.4453,73.7834,-1,-1,-1,-1
0,romanoillamp_vox10.ply,636127,1300117,270020,26346,0.33133006459401976,36767,0.462385655694539,63113,0.7937157202885587,63.2063,67.968,26.6954,35.4361,39.8816,34.00436666666667,67.2851,72.1908,-1,-1,-1,-1
