,name,points_original,points_decompressed,points_base_layer,bin_bytes_residual,bpp_residual,bin_bytes_base_layer,bpp_base_layer,bin_bytes_total,bpp_total,g_metric_D1_base_layer,g_metric_D2_base_layer,c_metric_ch1_base_layer,c_metric_ch2_base_layer,c_metric_ch3_base_layer,c_metric_base_layer,g_metric_D1_residual,g_metric_D2_residual,c_metric_ch1_residual,c_metric_ch2_residual,c_metric_ch3_residual,c_metric_residual
0,bumbameuboi_vox9.ply,100789,432020,184517,36665,2.9102382204407227,2915,0.23137445554574407,39580,3.1416126759864667,43.3756,56.2364,22.9654,29.4769,30.0535,27.4986,54.3391,65.3233,-1,-1,-1,-1
0,guanyin_vox10.ply,2286975,3121755,1607552,166380,0.5820089856688421,16000,0.055969129526995266,182380,0.6379781151958374,58.903,62.2694,23.475,36.4193,35.6541,31.849466666666668,70.178,73.067,-1,-1,-1,-1
0,longdress_vox10.ply,857966,1135072,607613,62109,0.5791278442269274,5638,0.0525708477958334,67747,0.6316986920227609,59.8186,61.9328,25.8442,32.6912,31.7008,30.078733333333332,70.5781,73.6266,-1,-1,-1,-1
0,phil_vox9.ply,356258,535447,169994,25786,0.5790410320610344,2407,0.05405071605409563,28193,0.63309174811513,51.4146,57.3658,25.1475,37.6327,35.3353,32.70516666666666,62.8115,65.3476,-1,-1,-1,-1
0,rhetorician_vox10.ply,1732600,2424906,1226639,128376,0.5927553965139097,12546,0.057929123860094654,140922,0.6506845203740044,59.9693,62.955,29.2825,39.3777,40.4139,36.35803333333333,69.7836,72.8309,-1,-1,-1,-1
0,romanoillamp_vox10.ply,636127,1225734,807366,73242,0.9210990887039852,7230,0.09092523977130353,80472,1.0120243284752888,62.479,63.861,26.25,35.2443,39.8345,33.776266666666665,67.5091,72.9342,-1,-1,-1,-1
