,name,points_original,points_decompressed,points_base_layer,bin_bytes_residual,bpp_residual,bin_bytes_base_layer,bpp_base_layer,bin_bytes_total,bpp_total,g_metric_D1_base_layer,g_metric_D2_base_layer,c_metric_ch1_base_layer,c_metric_ch2_base_layer,c_metric_ch3_base_layer,c_metric_base_layer,g_metric_D1_residual,g_metric_D2_residual,c_metric_ch1_residual,c_metric_ch2_residual,c_metric_ch3_residual,c_metric_residual
0,bumbameuboi_vox9.ply,100789,487412,184517,21544,1.7100278800265902,2915,0.23137445554574407,24459,1.9414023355723342,43.3756,56.2364,22.9654,29.4769,30.0535,27.4986,53.5947,63.8326,-1,-1,-1,-1
0,guanyin_vox10.ply,2286975,3513332,1607552,89963,0.3146969249773172,16000,0.055969129526995266,105963,0.3706660545043125,58.903,62.2694,23.475,36.4193,35.6541,31.849466666666668,68.5597,70.8156,-1,-1,-1,-1
0,longdress_vox10.ply,857966,1271960,607613,33678,0.31402642995176966,5638,0.0525708477958334,39316,0.3665972777476031,59.8186,61.9328,25.8442,32.6912,31.7008,30.078733333333332,68.8173,71.1779,-1,-1,-1,-1
0,phil_vox9.ply,356258,592706,169994,14112,0.3168939364168664,2407,0.05405071605409563,16519,0.37094465247096203,51.4146,57.3658,25.1475,37.6327,35.3353,32.70516666666666,61.4054,63.6485,-1,-1,-1,-1
0,rhetorician_vox10.ply,1732600,2711376,1226639,67204,0.3103035899803763,12546,0.057929123860094654,79750,0.36823271384047096,59.9693,62.955,29.2825,39.3777,40.4139,36.35803333333333,68.3485,70.8538,-1,-1,-1,-1
0,romanoillamp_vox10.ply,636127,1347805,807366,40148,0.5049054669900822,7230,0.09092523977130353,47378,0.5958307067613857,62.479,63.861,26.25,35.2443,39.8345,33.776266666666665,66.9871,71.7043,-1,-1,-1,-1
