,name,points_original,points_decompressed,points_base_layer,bin_bytes_residual,bpp_residual,bin_bytes_base_layer,bpp_base_layer,bin_bytes_total,bpp_total,g_metric_D1_base_layer,g_metric_D2_base_layer,c_metric_ch1_base_layer,c_metric_ch2_base_layer,c_metric_ch3_base_layer,c_metric_base_layer,g_metric_D1_residual,g_metric_D2_residual,c_metric_ch1_residual,c_metric_ch2_residual,c_metric_ch3_residual,c_metric_residual
0,bumbameuboi_vox9.ply,100789,355549,184517,65474,5.1969163301550765,2915,0.23137445554574407,68389,5.4282907857008205,43.3756,56.2364,22.9654,29.4769,30.0535,27.4986,55.1201,64.5156,-1,-1,-1,-1
0,guanyin_vox10.ply,2286975,2902343,1607552,342501,1.198092677007838,16000,0.055969129526995266,358501,1.2540618065348332,58.903,62.2694,23.475,36.4193,35.6541,31.849466666666668,70.9773,73.9678,-1,-1,-1,-1
0,longdress_vox10.ply,857966,1061159,607613,126502,1.1795525696822484,5638,0.0525708477958334,132140,1.2321234174780817,59.8186,61.9328,25.8442,32.6912,31.7008,30.078733333333332,71.8897,75.4639,-1,-1,-1,-1
0,phil_vox9.ply,356258,502026,169994,51570,1.158037152849901,2407,0.05405071605409563,53977,1.2120878689039967,51.4146,57.3658,25.1475,37.6327,35.3353,32.70516666666666,63.8248,66.614,-1,-1,-1,-1
0,rhetorician_vox10.ply,1732600,2276625,1226639,266485,1.230451344799723,12546,0.057929123860094654,279031,1.2883804686598177,59.9693,62.955,29.2825,39.3777,40.4139,36.35803333333333,70.8386,74.2907,-1,-1,-1,-1
0,romanoillamp_vox10.ply,636127,1164848,807366,146339,1.84037464217051,7230,0.09092523977130353,153569,1.9312998819418137,62.479,63.861,26.25,35.2443,39.8345,33.776266666666665,67.9124,73.9225,-1,-1,-1,-1
