,name,points_original,points_decompressed,points_base_layer,bin_bytes_residual,bpp_residual,bin_bytes_base_layer,bpp_base_layer,bin_bytes_total,bpp_total,g_metric_D1_base_layer,g_metric_D2_base_layer,c_metric_ch1_base_layer,c_metric_ch2_base_layer,c_metric_ch3_base_layer,c_metric_base_layer,g_metric_D1_residual,g_metric_D2_residual,c_metric_ch1_residual,c_metric_ch2_residual,c_metric_ch3_residual,c_metric_residual
0,bumbameuboi_vox9.ply,100789,212409,85773,1837,0.1458095625514689,42159,3.3463175544950343,43996,3.492127117046503,61.933,66.6811,29.289,34.9153,35.0291,33.0778,60.6917,66.7415,-1,-1,-1,-1
0,guanyin_vox10.ply,2286975,2655871,1362724,12100,0.04232665420479017,306541,1.072302058395916,318641,1.1146287126007062,67.9805,73.172,27.3277,39.1443,38.6385,35.036833333333334,73.2921,76.7509,-1,-1,-1,-1
0,longdress_vox10.ply,857966,981160,509139,3583,0.033409249317572026,69237,0.645592016466853,72820,0.6790012657844251,67.9827,73.1949,30.0896,37.4338,36.4412,34.65486666666666,73.4417,76.796,-1,-1,-1,-1
0,phil_vox9.ply,356258,446038,199079,1274,0.02860848037096711,30530,0.6855705696433484,31804,0.7141790500143155,61.9598,67.5475,30.663,40.0084,37.724,36.1318,65.5464,68.4161,-1,-1,-1,-1
0,rhetorician_vox10.ply,1732600,2054106,1061582,7668,0.03540574858594021,162295,0.7493708876832506,169963,0.7847766362691908,67.9762,73.2641,35.3353,44.7169,45.5236,41.8586,72.7029,76.3438,-1,-1,-1,-1
0,romanoillamp_vox10.ply,636127,929874,455778,4965,0.062440361751662794,110722,1.3924515073247952,115687,1.454891869076458,67.9782,72.8856,28.7007,36.8166,40.9423,35.486533333333334,69.6053,74.8065,-1,-1,-1,-1
