,name,points_original,points_decompressed,points_base_layer,bin_bytes_residual,bpp_residual,bin_bytes_base_layer,bpp_base_layer,bin_bytes_total,bpp_total,g_metric_D1_base_layer,g_metric_D2_base_layer,c_metric_ch1_base_layer,c_metric_ch2_base_layer,c_metric_ch3_base_layer,c_metric_base_layer,g_metric_D1_residual,g_metric_D2_residual,c_metric_ch1_residual,c_metric_ch2_residual,c_metric_ch3_residual,c_metric_residual
0,bumbameuboi_vox9.ply,100789,436316,184517,13249,1.051622696921291,2915,0.23137445554574407,16164,1.282997152467035,43.3756,56.2364,22.9654,29.4769,30.0535,27.4986,50.9325,63.1397,-1,-1,-1,-1
0,guanyin_vox10.ply,2286975,3776661,1607552,55786,0.19514336623705988,16000,0.055969129526995266,71786,0.25111249576405514,58.903,62.2694,23.475,36.4193,35.6541,31.849466666666668,67.3921,69.2056,-1,-1,-1,-1
0,longdress_vox10.ply,857966,1365980,607613,21306,0.19866521517169677,5638,0.0525708477958334,26944,0.2512360629675302,59.8186,61.9328,25.8442,32.6912,31.7008,30.078733333333332,67.6797,69.6014,-1,-1,-1,-1
0,phil_vox9.ply,356258,608777,169994,8745,0.1963745375542444,2407,0.05405071605409563,11152,0.25042525360834,51.4146,57.3658,25.1475,37.6327,35.3353,32.70516666666666,60.5273,62.5582,-1,-1,-1,-1
0,rhetorician_vox10.ply,1732600,2898314,1226639,40527,0.1871268613644234,12546,0.057929123860094654,53073,0.24505598522451807,59.9693,62.955,29.2825,39.3777,40.4139,36.35803333333333,67.322,69.4158,-1,-1,-1,-1
0,romanoillamp_vox10.ply,636127,1469695,807366,24408,0.30695757293747944,7230,0.09092523977130353,31638,0.39788281270878295,62.479,63.861,26.25,35.2443,39.8345,33.776266666666665,66.5357,70.6747,-1,-1,-1,-1
