,name,points_original,points_decompressed,points_base_layer,bin_bytes_residual,bpp_residual,bin_bytes_base_layer,bpp_base_layer,bin_bytes_total,bpp_total,g_metric_D1_base_layer,g_metric_D2_base_layer,c_metric_ch1_base_layer,c_metric_ch2_base_layer,c_metric_ch3_base_layer,c_metric_base_layer,g_metric_D1_residual,g_metric_D2_residual,c_metric_ch1_residual,c_metric_ch2_residual,c_metric_ch3_residual,c_metric_residual
0,bumbameuboi_vox9.ply,100789,370070,230319,31206,2.476936967327784,31433,2.4949548065761142,62639,4.971891773903899,53.0296,61.6494,28.8041,36.4776,36.9533,34.07833333333333,57.7609,66.372,-1,-1,-1,-1
0,guanyin_vox10.ply,2286975,2962123,1986645,118929,0.4160220378447513,203392,0.7114795745471638,322321,1.127501612391915,67.8902,70.8011,29.7842,41.8227,41.3663,37.65773333333333,71.1947,74.6636,-1,-1,-1,-1
0,longdress_vox10.ply,857966,1093028,719478,45067,0.4202217803502703,76247,0.7109559120058371,121314,1.1311776923561074,67.904,70.8916,33.4519,40.5128,39.8712,37.945299999999996,71.3817,74.8865,-1,-1,-1,-1
0,phil_vox9.ply,356258,516201,260203,21185,0.47572265043872697,27139,0.6094235076826345,48324,1.0851461581213615,61.2652,65.3108,32.9437,41.7786,39.704,38.1421,63.5169,66.2705,-1,-1,-1,-1
0,rhetorician_vox10.ply,1732600,2345443,1531849,90990,0.4201315941359806,164299,0.7586240332448344,255289,1.178755627380815,67.8915,71.2715,37.9333,47.4695,48.2152,44.53933333333333,70.5584,74.1012,-1,-1,-1,-1
0,romanoillamp_vox10.ply,636127,1184589,904931,56973,0.7164984350609234,92846,1.1676410528086372,149819,1.8841394878695605,66.4458,70.3029,31.8771,39.0599,42.7614,37.89946666666666,67.7784,73.6045,-1,-1,-1,-1
