,name,points_original,points_decompressed,points_base_layer,bin_bytes_residual,bpp_residual,bin_bytes_base_layer,bpp_base_layer,bin_bytes_total,bpp_total,g_metric_D1_base_layer,g_metric_D2_base_layer,c_metric_ch1_base_layer,c_metric_ch2_base_layer,c_metric_ch3_base_layer,c_metric_base_layer,g_metric_D1_residual,g_metric_D2_residual,c_metric_ch1_residual,c_metric_ch2_residual,c_metric_ch3_residual,c_metric_residual
0,bumbameuboi_vox9.ply,100789,358515,209656,51185,4.062744942404429,9223,0.7320640149222634,60408,4.794808957326692,48.6742,60.597,25.5255,32.08,32.8419,30.149133333333335,54.8224,66.3744,-1,-1,-1,-1
0,guanyin_vox10.ply,2286975,2930104,1753485,212517,0.7433994687305283,55371,0.19369166693995343,267888,0.9370911356704817,65.1032,68.1439,25.8007,38.0541,37.432,33.76226666666667,71.1841,74.432,-1,-1,-1,-1
0,longdress_vox10.ply,857966,1061977,642798,77973,0.7270497898518123,20253,0.18884664427261685,98226,0.9158964341244292,65.995,68.8446,28.6976,35.4811,34.712,32.963566666666665,71.7022,75.0855,-1,-1,-1,-1
0,phil_vox9.ply,356258,505317,201483,33980,0.7630425141330159,7575,0.1701014433360093,41555,0.9331439574690252,57.0301,62.3302,28.3661,38.802,36.3868,34.5183,63.5366,66.2128,-1,-1,-1,-1
0,rhetorician_vox10.ply,1732600,2282403,1329937,164365,0.7589287775597369,44085,0.20355535034052868,208450,0.9624841279002656,65.563,68.9918,32.8484,42.3172,43.2474,39.471,70.6737,74.0083,-1,-1,-1,-1
0,romanoillamp_vox10.ply,636127,1149740,827271,103507,1.3017149091297806,25503,0.3207284080065773,129010,1.622443317136358,65.9608,69.2886,27.8659,36.1828,40.4191,34.8226,67.9129,73.8705,-1,-1,-1,-1
