,name,points_original,points_decompressed,points_base_layer,bin_bytes_residual,bpp_residual,bin_bytes_base_layer,bpp_base_layer,bin_bytes_total,bpp_total,g_metric_D1_base_layer,g_metric_D2_base_layer,c_metric_ch1_base_layer,c_metric_ch2_base_layer,c_metric_ch3_base_layer,c_metric_base_layer,g_metric_D1_residual,g_metric_D2_residual,c_metric_ch1_residual,c_metric_ch2_residual,c_metric_ch3_residual,c_metric_residual
0,bumbameuboi_vox9.ply,100789,341567,230319,49293,3.9125698240879463,31433,2.4949548065761142,80726,6.40752463066406,53.0296,61.6494,28.8041,36.4776,36.9533,34.07833333333333,58.0585,67.216,-1,-1,-1,-1
0,guanyin_vox10.ply,2286975,2793795,1986645,221498,0.7748156407481499,203392,0.7114795745471638,424890,1.4862952152953137,67.8902,70.8011,29.7842,41.8227,41.3663,37.65773333333333,72.1892,75.9584,-1,-1,-1,-1
0,longdress_vox10.ply,857966,1023403,719478,81537,0.7602818759717751,76247,0.7109559120058371,157784,1.4712377879776122,67.904,70.8916,33.4519,40.5128,39.8712,37.945299999999996,72.588,76.3659,-1,-1,-1,-1
0,phil_vox9.ply,356258,479246,260203,37242,0.8362927990388987,27139,0.6094235076826345,64381,1.4457163067215333,61.2652,65.3108,32.9437,41.7786,39.704,38.1421,64.3926,67.3113,-1,-1,-1,-1
0,rhetorician_vox10.ply,1732600,2200170,1531849,175070,0.8083573819692947,164299,0.7586240332448344,339369,1.566981415214129,67.8915,71.2715,37.9333,47.4695,48.2152,44.53933333333333,71.4353,75.1378,-1,-1,-1,-1
0,romanoillamp_vox10.ply,636127,1115415,904931,102559,1.2897927615083151,92846,1.1676410528086372,195405,2.4574338143169525,66.4458,70.3029,31.8771,39.0599,42.7614,37.89946666666666,68.1686,74.5286,-1,-1,-1,-1
