,name,points_original,points_decompressed,points_base_layer,bin_bytes_residual,bpp_residual,bin_bytes_base_layer,bpp_base_layer,bin_bytes_total,bpp_total,g_metric_D1_base_layer,g_metric_D2_base_layer,c_metric_ch1_base_layer,c_metric_ch2_base_layer,c_metric_ch3_base_layer,c_metric_base_layer,g_metric_D1_residual,g_metric_D2_residual,c_metric_ch1_residual,c_metric_ch2_residual,c_metric_ch3_residual,c_metric_residual
0,bumbameuboi_vox9.ply,100789,481339,230319,1729,0.13723719850380497,31433,2.4949548065761142,33162,2.632192005079919,53.0296,61.6494,28.8041,36.4776,36.9533,34.07833333333333,54.2531,64.1151,-1,-1,-1,-1
0,guanyin_vox10.ply,2286975,3318301,1986645,6942,0.02428360607352507,203392,0.7114795745471638,210334,0.7357631806206889,67.8902,70.8011,29.7842,41.8227,41.3663,37.65773333333333,69.6489,72.2247,-1,-1,-1,-1
0,longdress_vox10.ply,857966,1218799,719478,2769,0.025819204956839783,76247,0.7109559120058371,79016,0.7367751169626768,67.904,70.8916,33.4519,40.5128,39.8712,37.945299999999996,69.7333,72.4842,-1,-1,-1,-1
0,phil_vox9.ply,356258,529305,260203,1053,0.02364578479641159,27139,0.6094235076826345,28192,0.6330692924790461,61.2652,65.3108,32.9437,41.7786,39.704,38.1421,62.45,64.9359,-1,-1,-1,-1
0,rhetorician_vox10.ply,1732600,2555798,1531849,5772,0.02665127553965139,164299,0.7586240332448344,170071,0.7852753087844858,67.8915,71.2715,37.9333,47.4695,48.2152,44.53933333333333,69.4935,72.6449,-1,-1,-1,-1
0,romanoillamp_vox10.ply,636127,1456469,904931,3770,0.04741191617397155,92846,1.1676410528086372,96616,1.2150529689826086,66.4458,70.3029,31.8771,39.0599,42.7614,37.89946666666666,66.8313,71.4372,-1,-1,-1,-1
