,name,points_original,points_decompressed,points_base_layer,bin_bytes_residual,bpp_residual,bin_bytes_base_layer,bpp_base_layer,bin_bytes_total,bpp_total,g_metric_D1_base_layer,g_metric_D2_base_layer,c_metric_ch1_base_layer,c_metric_ch2_base_layer,c_metric_ch3_base_layer,c_metric_base_layer,g_metric_D1_residual,g_metric_D2_residual,c_metric_ch1_residual,c_metric_ch2_residual,c_metric_ch3_residual,c_metric_residual
0,bumbameuboi_vox9.ply,100789,411303,209656,30371,2.4106598934407524,9223,0.7320640149222634,39594,3.1427239083630156,48.6742,60.597,25.5255,32.08,32.8419,30.149133333333335,54.5355,65.5001,-1,-1,-1,-1
0,guanyin_vox10.ply,2286975,3140861,1753485,120902,0.42292373112954884,55371,0.19369166693995343,176273,0.6166153980695023,65.1032,68.1439,25.8007,38.0541,37.432,33.76226666666667,70.2386,73.2068,-1,-1,-1,-1
0,longdress_vox10.ply,857966,1129389,642798,44265,0.41274362853539653,20253,0.18884664427261685,64518,0.6015902728080134,65.995,68.8446,28.6976,35.4811,34.712,32.963566666666665,70.7678,73.9427,-1,-1,-1,-1
0,phil_vox9.ply,356258,551683,201483,20270,0.4551757434219021,7575,0.1701014433360093,27845,0.6252771867579114,57.0301,62.3302,28.3661,38.802,36.3868,34.5183,62.6128,65.1365,-1,-1,-1,-1
0,rhetorician_vox10.ply,1732600,2447309,1329937,90714,0.41885720881911576,44085,0.20355535034052868,134799,0.6224125591596444,65.563,68.9918,32.8484,42.3172,43.2474,39.471,69.8419,72.9853,-1,-1,-1,-1
0,romanoillamp_vox10.ply,636127,1240672,827271,57284,0.7204096037426488,25503,0.3207284080065773,82787,1.0411380117492262,65.9608,69.2886,27.8659,36.1828,40.4191,34.8226,67.5379,73.041,-1,-1,-1,-1
