,name,points_original,points_decompressed,points_base_layer,bin_bytes_residual,bpp_residual,bin_bytes_base_layer,bpp_base_layer,bin_bytes_total,bpp_total,g_metric_D1_base_layer,g_metric_D2_base_layer,c_metric_ch1_base_layer,c_metric_ch2_base_layer,c_metric_ch3_base_layer,c_metric_base_layer,g_metric_D1_residual,g_metric_D2_residual,c_metric_ch1_residual,c_metric_ch2_residual,c_metric_ch3_residual,c_metric_residual
0,bumbameuboi_vox9.ply,100789,359390,209656,60837,4.828860292293802,9223,0.7320640149222634,70060,5.560924307216066,48.6742,60.597,25.5255,32.08,32.8419,30.149133333333335,55.3161,67.2101,-1,-1,-1,-1
0,guanyin_vox10.ply,2286975,2802302,1753485,286635,1.002669465123143,55371,0.19369166693995343,342006,1.1963611320630965,65.1032,68.1439,25.8007,38.0541,37.432,33.76226666666667,72.0181,75.614,-1,-1,-1,-1
0,longdress_vox10.ply,857966,1019081,642798,105325,0.9820901993785301,20253,0.18884664427261685,125578,1.170936843651147,65.995,68.8446,28.6976,35.4811,34.712,32.963566666666665,72.6026,76.2968,-1,-1,-1,-1
0,phil_vox9.ply,356258,492854,201483,45890,1.030489139892999,7575,0.1701014433360093,53465,1.2005905832290082,57.0301,62.3302,28.3661,38.802,36.3868,34.5183,64.037,66.8587,-1,-1,-1,-1
0,rhetorician_vox10.ply,1732600,2192073,1329937,222854,1.0289922659586748,44085,0.20355535034052868,266939,1.2325476162992035,65.563,68.9918,32.8484,42.3172,43.2474,39.471,70.9958,74.1578,-1,-1,-1,-1
0,romanoillamp_vox10.ply,636127,1104005,827271,126964,1.5967126061305368,25503,0.3207284080065773,152467,1.917441014137114,65.9608,69.2886,27.8659,36.1828,40.4191,34.8226,68.1896,74.5495,-1,-1,-1,-1
