,name,points_original,points_decompressed,points_base_layer,bin_bytes_residual,bpp_residual,bin_bytes_base_layer,bpp_base_layer,bin_bytes_total,bpp_total,g_metric_D1_base_layer,g_metric_D2_base_layer,c_metric_ch1_base_layer,c_metric_ch2_base_layer,c_metric_ch3_base_layer,c_metric_base_layer,g_metric_D1_residual,g_metric_D2_residual,c_metric_ch1_residual,c_metric_ch2_residual,c_metric_ch3_residual,c_metric_residual
0,bumbameuboi_vox9.ply,100789,339304,68750,11702,0.9288315193126234,21098,1.6746271914593855,32800,2.603458710772009,57.1626,61.7834,26.2516,32.4926,32.7508,30.498333333333335,58.6427,64.7868,-1,-1,-1,-1
0,guanyin_vox10.ply,2286975,3086351,640007,18110,0.06335005848336776,81350,0.28456804293881655,99460,0.3479181014221843,63.2069,68.3632,24.8338,37.1273,36.4768,32.81263333333333,70.2481,72.797,-1,-1,-1,-1
0,longdress_vox10.ply,857966,1118189,238492,6498,0.06058981358235641,30573,0.28507423371089297,37071,0.3456640472932494,63.2122,68.4482,26.8954,33.9449,32.9285,31.256266666666665,70.8989,73.8432,-1,-1,-1,-1
0,phil_vox9.ply,356258,489588,88298,5016,0.1126374705971515,13570,0.30472298165935924,18586,0.41736045225651075,57.1765,63.1544,27.3872,38.268,35.894,33.84973333333334,63.8265,66.5821,-1,-1,-1,-1
0,rhetorician_vox10.ply,1732600,2363884,510234,13498,0.062324829735657394,68597,0.31673554196006004,82095,0.37906037169571744,63.2075,68.4297,32.0891,40.9979,41.8322,38.306400000000004,70.2853,73.4823,-1,-1,-1,-1
0,romanoillamp_vox10.ply,636127,1301262,270020,20222,0.2543139970477593,36767,0.462385655694539,56989,0.7166996527422983,63.2063,67.968,26.6954,35.4361,39.8816,34.00436666666667,67.2348,72.0021,-1,-1,-1,-1
