,name,points_original,points_decompressed,points_base_layer,bin_bytes_residual,bpp_residual,bin_bytes_base_layer,bpp_base_layer,bin_bytes_total,bpp_total,g_metric_D1_base_layer,g_metric_D2_base_layer,c_metric_ch1_base_layer,c_metric_ch2_base_layer,c_metric_ch3_base_layer,c_metric_base_layer,g_metric_D1_residual,g_metric_D2_residual,c_metric_ch1_residual,c_metric_ch2_residual,c_metric_ch3_residual,c_metric_residual
0,bumbameuboi_vox9.ply,100789,360439,68750,22166,1.75939834704184,21098,1.6746271914593855,43264,3.4340255385012255,57.1626,61.7834,26.2516,32.4926,32.7508,30.498333333333335,58.7612,64.9539,-1,-1,-1,-1
0,guanyin_vox10.ply,2286975,2873693,640007,91670,0.3206681314837285,81350,0.28456804293881655,173020,0.6052361744225451,63.2069,68.3632,24.8338,37.1273,36.4768,32.81263333333333,71.505,74.733,-1,-1,-1,-1
0,longdress_vox10.ply,857966,1044747,238492,33239,0.3099330276491143,30573,0.28507423371089297,63812,0.5950072613600073,63.2122,68.4482,26.8954,33.9449,32.9285,31.256266666666665,69.6408,71.4274,-1,-1,-1,-1
0,phil_vox9.ply,356258,478989,88298,15556,0.34931987492210703,13570,0.30472298165935924,29126,0.6540428565814662,57.1765,63.1544,27.3872,38.268,35.894,33.84973333333334,64.2412,67.1701,-1,-1,-1,-1
0,rhetorician_vox10.ply,1732600,2231795,510234,68431,0.3159690638346993,68597,0.31673554196006004,137028,0.6327046057947594,63.2075,68.4297,32.0891,40.9979,41.8322,38.306400000000004,71.0948,74.6364,-1,-1,-1,-1
0,romanoillamp_vox10.ply,636127,1238292,270020,47522,0.5976416658937602,36767,0.462385655694539,84289,1.0600273215882992,63.2063,67.968,26.6954,35.4361,39.8816,34.00436666666667,67.5527,72.8233,-1,-1,-1,-1
