,name,points_original,points_decompressed,points_base_layer,bin_bytes_residual,bpp_residual,bin_bytes_base_layer,bpp_base_layer,bin_bytes_total,bpp_total,g_metric_D1_base_layer,g_metric_D2_base_layer,c_metric_ch1_base_layer,c_metric_ch2_base_layer,c_metric_ch3_base_layer,c_metric_base_layer,g_metric_D1_residual,g_metric_D2_residual,c_metric_ch1_residual,c_metric_ch2_residual,c_metric_ch3_residual,c_metric_residual
0,bumbameuboi_vox9.ply,100789,206196,85773,3146,0.24970978975880304,42159,3.3463175544950343,45305,3.5960273442538373,61.933,66.6811,29.289,34.9153,35.0291,33.0778,60.8602,67.059,-1,-1,-1,-1
0,guanyin_vox10.ply,2286975,2644129,1362724,21176,0.07407514292897824,306541,1.072302058395916,327717,1.1463772013248943,67.9805,73.172,27.3277,39.1443,38.6385,35.036833333333334,73.4217,76.9698,-1,-1,-1,-1
0,longdress_vox10.ply,857966,976696,509139,8328,0.07765342682577166,69237,0.645592016466853,77565,0.7232454432926247,67.9827,73.1949,30.0896,37.4338,36.4412,34.65486666666666,73.6572,77.1755,-1,-1,-1,-1
0,phil_vox9.ply,356258,455929,199079,3737,0.08391671204576459,30530,0.6855705696433484,34267,0.769487281689113,61.9598,67.5475,30.663,40.0084,37.724,36.1318,65.2721,68.1674,-1,-1,-1,-1
0,rhetorician_vox10.ply,1732600,2042600,1061582,13600,0.06279579822232483,162295,0.7493708876832506,175895,0.8121666859055754,67.9762,73.2641,35.3353,44.7169,45.5236,41.8586,72.8226,76.4878,-1,-1,-1,-1
0,romanoillamp_vox10.ply,636127,909727,455778,9448,0.11881904085190535,110722,1.3924515073247952,120170,1.5112705481767006,67.9782,72.8856,28.7007,36.8166,40.9423,35.486533333333334,69.8192,75.2872,-1,-1,-1,-1
