,name,points_original,points_decompressed,points_base_layer,bin_bytes_residual,bpp_residual,bin_bytes_base_layer,bpp_base_layer,bin_bytes_total,bpp_total,g_metric_D1_base_layer,g_metric_D2_base_layer,c_metric_ch1_base_layer,c_metric_ch2_base_layer,c_metric_ch3_base_layer,c_metric_base_layer,g_metric_D1_residual,g_metric_D2_residual,c_metric_ch1_residual,c_metric_ch2_residual,c_metric_ch3_residual,c_metric_residual
0,bumbameuboi_vox9.ply,100789,424145,184517,42823,3.399021718639931,2915,0.23137445554574407,45738,3.630396174185675,43.3756,56.2364,22.9654,29.4769,30.0535,27.4986,55.1321,65.8199,-1,-1,-1,-1
0,guanyin_vox10.ply,2286975,3036982,1607552,228519,0.7993755943987144,16000,0.055969129526995266,244519,0.8553447239257097,58.903,62.2694,23.475,36.4193,35.6541,31.849466666666668,70.6724,73.7875,-1,-1,-1,-1
0,longdress_vox10.ply,857966,1096034,607613,84613,0.7889636652268271,5638,0.0525708477958334,90251,0.8415345130226606,59.8186,61.9328,25.8442,32.6912,31.7008,30.078733333333332,71.2506,74.5925,-1,-1,-1,-1
0,phil_vox9.ply,356258,531162,169994,34953,0.7848918480427106,2407,0.05405071605409563,37360,0.8389425640968062,51.4146,57.3658,25.1475,37.6327,35.3353,32.70516666666666,63.1236,65.7857,-1,-1,-1,-1
0,rhetorician_vox10.ply,1732600,2370263,1226639,176965,0.817107237677479,12546,0.057929123860094654,189511,0.8750363615375736,59.9693,62.955,29.2825,39.3777,40.4139,36.35803333333333,70.2283,73.4613,-1,-1,-1,-1
0,romanoillamp_vox10.ply,636127,1197455,807366,93972,1.181801747135399,7230,0.09092523977130353,101202,1.2727269869067026,62.479,63.861,26.25,35.2443,39.8345,33.776266666666665,67.71,73.4602,-1,-1,-1,-1
