,name,points_original,points_decompressed,points_base_layer,bin_bytes_residual,bpp_residual,bin_bytes_base_layer,bpp_base_layer,bin_bytes_total,bpp_total,g_metric_D1_base_layer,g_metric_D2_base_layer,c_metric_ch1_base_layer,c_metric_ch2_base_layer,c_metric_ch3_base_layer,c_metric_base_layer,g_metric_D1_residual,g_metric_D2_residual,c_metric_ch1_residual,c_metric_ch2_residual,c_metric_ch3_residual,c_metric_residual
0,bumbameuboi_vox9.ply,100789,196659,85773,1768,0.14033277440990585,42159,3.3463175544950343,43927,3.48665032890494,61.933,66.6811,29.289,34.9153,35.0291,33.0778,58.6156,66.9651,-1,-1,-1,-1
0,guanyin_vox10.ply,2286975,2662105,1362724,6994,0.024465505744487807,306541,1.072302058395916,313535,1.0967675641404038,67.9805,73.172,27.3277,39.1443,38.6385,35.036833333333334,72.9339,75.4069,-1,-1,-1,-1
0,longdress_vox10.ply,857966,945538,509139,2782,0.02594042188151978,69237,0.645592016466853,72019,0.6715324383483728,67.9827,73.1949,30.0896,37.4338,36.4412,34.65486666666666,74.1846,77.3538,-1,-1,-1,-1
0,phil_vox9.ply,356258,428814,199079,1079,0.024229631334594593,30530,0.6855705696433484,31609,0.7098002009779429,61.9598,67.5475,30.663,40.0084,37.724,36.1318,66.0685,68.9513,-1,-1,-1,-1
0,rhetorician_vox10.ply,1732600,1997046,1061582,5811,0.026831351725730118,162295,0.7493708876832506,168106,0.7762022394089807,67.9762,73.2641,35.3353,44.7169,45.5236,41.8586,73.0926,76.5229,-1,-1,-1,-1
0,romanoillamp_vox10.ply,636127,909200,455778,3796,0.04773889490620584,110722,1.3924515073247952,114518,1.440190402231001,67.9782,72.8856,28.7007,36.8166,40.9423,35.486533333333334,69.6618,74.7098,-1,-1,-1,-1
