,name,points_original,points_decompressed,points_base_layer,bin_bytes_residual,bpp_residual,bin_bytes_base_layer,bpp_base_layer,bin_bytes_total,bpp_total,g_metric_D1_base_layer,g_metric_D2_base_layer,c_metric_ch1_base_layer,c_metric_ch2_base_layer,c_metric_ch3_base_layer,c_metric_base_layer,g_metric_D1_residual,g_metric_D2_residual,c_metric_ch1_residual,c_metric_ch2_residual,c_metric_ch3_residual,c_metric_residual
0,bumbameuboi_vox9.ply,100789,373508,230319,15336,1.2172756947682783,31433,2.4949548065761142,46769,3.7122305013443926,53.0296,61.6494,28.8041,36.4776,36.9533,34.07833333333333,55.5262,65.3787,-1,-1,-1,-1
0,guanyin_vox10.ply,2286975,3117268,1986645,43489,0.15212759212496857,203392,0.7114795745471638,246881,0.8636071666721323,67.8902,70.8011,29.7842,41.8227,41.3663,37.65773333333333,70.2688,73.2157,-1,-1,-1,-1
0,longdress_vox10.ply,857966,1141706,719478,16245,0.15147453395589103,76247,0.7109559120058371,92492,0.8624304459617281,67.904,70.8916,33.4519,40.5128,39.8712,37.945299999999996,70.5648,73.6646,-1,-1,-1,-1
0,phil_vox9.ply,356258,557640,260203,8501,0.19089536234975776,27139,0.6094235076826345,35640,0.8003188700323923,61.2652,65.3108,32.9437,41.7786,39.704,38.1421,62.4852,65.0054,-1,-1,-1,-1
0,rhetorician_vox10.ply,1732600,2400626,1531849,33511,0.15473161722267112,164299,0.7586240332448344,197810,0.9133556504675056,67.8915,71.2715,37.9333,47.4695,48.2152,44.53933333333333,70.1017,73.3517,-1,-1,-1,-1
0,romanoillamp_vox10.ply,636127,1189207,904931,26252,0.33014791071594196,92846,1.1676410528086372,119098,1.4977889635245791,66.4458,70.3029,31.8771,39.0599,42.7614,37.89946666666666,67.6673,73.2361,-1,-1,-1,-1
